{
    "accuracy": 0.8570626453838133,
    "f1_score": 0.6178425906069054,
    "mean_squared_error": 0.14293735461618673,
    "r2_score": 0.17724727120891548
}