{
    "accuracy": 0.8577845512152081,
    "f1_score": 0.6191192266380237,
    "mean_squared_error": 0.14221544878479184,
    "r2_score": 0.18140258802099163
}